id,tipo,nombre,organizacion,pais,region,ciudad,latitud,longitud,anio_inicio,anio_fin,categoria,estado,rol,descripcion,tecnologias,indicador,precision,visible,fuente,url_fuente,url_google_maps,imagen_url,ambito,evidencia,participacion_detalle,nota_geografica,fuentes_internas,validacion
1,Empresa,AyA – Dirección de Mejoramiento de Sistemas,AyA,Costa Rica,San José,San José,9.9281,-84.0907,2016,,Empleo,En curso,Director / Ingeniero,Optimización metropolitana y dirección de equipos técnicos,"Power BI,Python,ArcGIS,SCADA",1.4 M personas,Referencia territorial aproximada,yes,CV 2025/2026,,https://www.google.com/maps/search/?api=1&query=AyA%20%E2%80%93%20Direcci%C3%B3n%20de%20Mejoramiento%20de%20Sistemas%2C%20San%20Jos%C3%A9%2C%20Costa%20Rica,,Sede,Según CV,Optimización metropolitana y dirección de equipos técnicos,Posición inicial de referencia; no georreferenciación de infraestructura,CV 2024/2025/2026,Pendiente
2,Empresa,Universidad Latina,Universidad Latina,Costa Rica,San José,San José,9.934,-84.076,2018,,Docencia,En curso,Profesor de hidráulica,Mecánica de fluidos e ingeniería sanitaria,"HEC-RAS,Hydraulics",,Referencia territorial aproximada,yes,CV 2025/2026,,https://www.google.com/maps/search/?api=1&query=Universidad%20Latina%2C%20San%20Jos%C3%A9%2C%20Costa%20Rica,,Sede,Según CV,Mecánica de fluidos e ingeniería sanitaria,Posición inicial de referencia; no georreferenciación de infraestructura,CV 2024/2025/2026,Pendiente
3,Empresa,Santos CMI,Santos CMI,Costa Rica,San José,San José,9.9281,-84.0907,2013,2015,Empleo,Finalizado,Ingeniero civil junior,Diseño de infraestructura para proyectos energéticos,"Civil 3D,Hydrology",,Referencia territorial aproximada,yes,CV 2024/2025,,https://www.google.com/maps/search/?api=1&query=Santos%20CMI%2C%20San%20Jos%C3%A9%2C%20Costa%20Rica,,Sede,Según CV,Diseño de infraestructura para proyectos energéticos,Posición inicial de referencia; no georreferenciación de infraestructura,CV 2024/2025/2026,Pendiente
4,Empresa,Municipalidad de Oreamuno,Municipalidad de Oreamuno,Costa Rica,Cartago,San Rafael de Oreamuno,9.868,-83.905,2015,2015,Empleo,Finalizado,Director suplente UTMV,Administración vial y proyectos cantonales,"Project Management,Procurement",₡600 M licitaciones,Referencia territorial aproximada,yes,CV 2025,,https://www.google.com/maps/search/?api=1&query=Municipalidad%20de%20Oreamuno%2C%20San%20Rafael%20de%20Oreamuno%2C%20Costa%20Rica,,Sede,Según CV,Administración vial y proyectos cantonales,Posición inicial de referencia; no georreferenciación de infraestructura,CV 2024/2025/2026,Pendiente
5,Empresa,SCH Consultoría y Construcción,SCH Consultoría y Construcción,Costa Rica,San José,San José,9.9281,-84.0907,2015,2016,Empleo,Finalizado,Ingeniero de proyecto,Gestión de remodelaciones industriales,Project Management,,Referencia territorial aproximada,yes,CV 2025,,https://www.google.com/maps/search/?api=1&query=SCH%20Consultor%C3%ADa%20y%20Construcci%C3%B3n%2C%20San%20Jos%C3%A9%2C%20Costa%20Rica,,Sede,Según CV,Gestión de remodelaciones industriales,Posición inicial de referencia; no georreferenciación de infraestructura,CV 2024/2025/2026,Pendiente
6,Empresa,FUPROVI,FUPROVI,Costa Rica,San José,San José,9.9281,-84.0907,2012,2013,Empleo,Finalizado,Asistente de ingeniería,Supervisión de infraestructura residencial,Construction,,Referencia territorial aproximada,yes,CV 2025,,https://www.google.com/maps/search/?api=1&query=FUPROVI%2C%20San%20Jos%C3%A9%2C%20Costa%20Rica,,Sede,Según CV,Supervisión de infraestructura residencial,Posición inicial de referencia; no georreferenciación de infraestructura,CV 2024/2025/2026,Pendiente
7,Proyecto,Fuente Zamora,AyA,Costa Rica,Heredia,Belén / Puente Mulas,9.979,-84.177,2025,,Agua potable,Operación,Coordinación técnica,Integración de nueva fuente al sistema Puente Mulas,Hydraulics,+250 L/s,Municipio aproximado,yes,CV 2025/2026 | Trayectoria 2017-2026,https://www.santaanahoy.com/m%C3%A1s-agua-para-m%C3%A1s-personas-de-la-gam,https://www.google.com/maps/search/?api=1&query=Fuente%20Zamora%20Grupo%20Pedregal%20Puente%20Mulas%20Bel%C3%A9n%20Costa%20Rica,,Zona,Alta,"Apoyo a puesta en marcha, medición y análisis de caudal; evaluación del aporte de la fuente y su efecto sobre disponibilidad y estabilidad del sistema.",Referencia Belén-Puente Mulas; sitio físico por confirmar,turn6search563; turn6search455,Por verificar
8,Proyecto,Planta potabilizadora Cañas-Bebedero,AyA,Costa Rica,Guanacaste,Bebedero,10.378,-85.196,2016,2020,Agua potable,Finalizado,Pruebas y puesta en marcha,Tratamiento para control de arsénico,Water Treatment,126 L/s,Referencia territorial aproximada,yes,CV 2025 | Trayectoria 2017-2026,,https://www.google.com/maps/search/?api=1&query=Planta%20potabilizadora%20Ca%C3%B1as-Bebedero%2C%20Bebedero%2C%20Costa%20Rica,,Zona,Alta,"Actualización de matriz del proyecto, seguimiento de información para Mesa Chorotega, coordinación con PMO e incorporación de estado y programación del proyecto.",Referente poblacional de Cañas-Bebedero; no indica la planta,turn6search493,Por verificar
9,Proyecto,Acueducto Sardinal–El Coco–Ocotal,AyA,Costa Rica,Guanacaste,Sardinal,10.527,-85.673,2016,2022,Agua potable,Finalizado,Diseño y supervisión,Sistema de pozos y almacenamiento,Hydraulics,70 L/s,Referencia territorial aproximada,yes,CV 2025,,https://www.google.com/maps/search/?api=1&query=Acueducto%20Sardinal%E2%80%93El%20Coco%E2%80%93Ocotal%2C%20Sardinal%2C%20Costa%20Rica,,Zona,Según CV,Sistema de pozos y almacenamiento,Posición inicial de referencia; no georreferenciación de infraestructura,CV 2024/2025/2026,Pendiente
10,Proyecto,Acueducto regional Nimboyores,AyA,Costa Rica,Guanacaste,Tamarindo,10.299,-85.84,2016,2022,Agua potable,Diseño,Actualización de diseño,Conducción regional y etapas de infraestructura,"WaterGEMS,Hydraulics",35 km,Referencia territorial aproximada,yes,CV 2025,,https://www.google.com/maps/search/?api=1&query=Acueducto%20regional%20Nimboyores%2C%20Tamarindo%2C%20Costa%20Rica,,Zona,Según CV,Conducción regional y etapas de infraestructura,Posición inicial de referencia; no georreferenciación de infraestructura,CV 2024/2025/2026,Pendiente
11,Proyecto,Campañas de sectorización GAM,AyA,Costa Rica,San José,Alajuelita,9.899,-84.101,2024,2026,Eficiencia hídrica,En curso,Liderazgo técnico,Análisis de caudal nocturno y control de pérdidas,"SCADA,Power BI,GIS",700 m³/d recuperados,Referencia territorial aproximada,yes,CV 2025/2026 | Trayectoria 2017-2026,,https://www.google.com/maps/search/?api=1&query=Campa%C3%B1as%20de%20sectorizaci%C3%B3n%20GAM%2C%20Alajuelita%2C%20Costa%20Rica,,Zona,Alta,"Elaboración y seguimiento de planes e informes técnicos sobre sectorización, presiones, fugas, continuidad, cronogramas y acciones de corto, mediano y largo plazo.",Campañas en varios distritos; punto de referencia representativo,turn6search447; turn6search497; turn2search369,Por verificar
12,Proyecto,PRAGAM – planificación metropolitana,AyA,Costa Rica,San José,San José,9.9281,-84.0907,2025,2030,Transformación digital,En curso,Análisis y visualización,Portafolio de proyectos de mejoramiento hídrico,"Power BI,ArcGIS,Python",40 proyectos referenciados,Referencia territorial aproximada,yes,CV 2025 | Trayectoria 2017-2026,,https://www.google.com/maps/search/?api=1&query=PRAGAM%20%E2%80%93%20planificaci%C3%B3n%20metropolitana%2C%20San%20Jos%C3%A9%2C%20Costa%20Rica,,Zona,Alta,"Apoyo en mapa/visor de proyectos, etapas del ciclo de inversión, cronogramas, evaluación de alternativas y articulación de iniciativas de acción inmediata, corto, mediano y largo plazo.",Programa multiproyecto; referencia San José sin ubicación única,turn6search443; turn6search446; turn6search433,Por verificar
13,Proyecto,Visor de capacidad hídrica GAM,AyA,Costa Rica,San José,San José,9.9281,-84.0907,2026,,Transformación digital,En desarrollo,Desarrollo de aplicaciones,Visor de capacidad hídrica y datos geoespaciales,"Python,Streamlit,ArcGIS,GitHub",,Referencia territorial aproximada,yes,Proyecto 2026,,https://www.google.com/maps/search/?api=1&query=Visor%20de%20capacidad%20h%C3%ADdrica%20GAM%2C%20San%20Jos%C3%A9%2C%20Costa%20Rica,,Zona,Según CV,Visor de capacidad hídrica y datos geoespaciales,Posición inicial de referencia; no georreferenciación de infraestructura,CV 2024/2025/2026,Pendiente
14,Proyecto,Aplicativo de revisión de caudalímetros,AyA,Costa Rica,San José,San José,9.9281,-84.0907,2026,,Transformación digital,En desarrollo,Desarrollo e integración,Aplicación de seguimiento integrando GIS y revisión de equipos,"Python,SQL Server,Supabase,SharePoint",,Referencia territorial aproximada,yes,Proyecto 2026,,https://www.google.com/maps/search/?api=1&query=Aplicativo%20de%20revisi%C3%B3n%20de%20caudal%C3%ADmetros%2C%20San%20Jos%C3%A9%2C%20Costa%20Rica,,Zona,Según CV,Aplicación de seguimiento integrando GIS y revisión de equipos,Posición inicial de referencia; no georreferenciación de infraestructura,CV 2024/2025/2026,Pendiente
15,Proyecto,Planta Talagante – Chile,Santos CMI,Chile,Región Metropolitana,Talagante (CMPC Tissue),-33.7055,-70.93637,2013,2015,Infraestructura industrial,Participación,Diseño de infraestructura,Aportes de diseño hidrológico y drenaje,Hydrology,21 MW,Referencia de instalación pública,yes,CV 2025,https://infofirma.sea.gob.cl/DocumentosSEA/MostrarDocumento?docId=f9%2F1e%2Ffce7ed7b924b34bc71ad37f6fd352bac898d,https://www.google.com/maps/search/?api=1&query=Planta%20Talagante%20%E2%80%93%20Chile%2C%20Talagante%2C%20Chile,,Puntual,Según CV,Aportes de diseño hidrológico y drenaje,"Instalación identificada mediante referencia pública; posición aproximada, sin validar predio",CV 2024/2025/2026,Pendiente
16,Proyecto,Complejo siderúrgico CSP – Brasil,Santos CMI,Brasil,Ceará,"Pecém, São Gonçalo do Amarante",-3.58535,-38.85508,2013,2015,Infraestructura industrial,Participación,Diseño de infraestructura,Participación en diseño de obras civiles y drenaje,Hydrology,Potencia por confirmar,Referencia de instalación pública,yes,CV 2025,https://www.wikidata.org/wiki/Q18477912,https://www.google.com/maps/search/?api=1&query=Complejo%20sider%C3%BArgico%20CSP%20%E2%80%93%20Brasil%2C%20S%C3%A3o%20Gon%C3%A7alo%20do%20Amarante%2C%20Brasil,,Puntual,Según CV,Participación en diseño de obras civiles y drenaje,"Instalación identificada mediante referencia pública; posición aproximada, sin validar predio",CV 2024/2025/2026,Pendiente
17,Proyecto,Central Machala Power – Ecuador,Santos CMI,Ecuador,El Oro,Machala / Bajo Alto (por verificar),-3.258,-79.96,2013,2015,Infraestructura industrial,Participación,Diseño de infraestructura,Participación en diseño vial e hidráulico,Hydraulics,135 MW,Ciudad aproximada,yes,CV 2025,https://www.celec.gob.ec/electroguayas/proyectos/,https://www.google.com/maps/search/?api=1&query=Central%20Machala%20Power%20%E2%80%93%20Ecuador%2C%20Machala%2C%20Ecuador,,Zona,Según CV,Participación en diseño vial e hidráulico,Posición inicial de referencia; no georreferenciación de infraestructura,CV 2024/2025/2026,Pendiente
18,Proyecto,Gerber–Nestlé PREVASSA,Consultoría independiente,Costa Rica,Alajuela,Alajuela,10.016,-84.215,2015,2016,Tratamiento industrial,Diseño,Consultor hidráulico,Tratamiento de aguas y recuperación de recursos,"MBR,DAF",,Referencia territorial aproximada,yes,CV 2025,,https://www.google.com/maps/search/?api=1&query=Gerber%E2%80%93Nestl%C3%A9%20PREVASSA%2C%20Alajuela%2C%20Costa%20Rica,,Zona,Según CV,Tratamiento de aguas y recuperación de recursos,Posición inicial de referencia; no georreferenciación de infraestructura,CV 2024/2025/2026,Pendiente
19,Proyecto,Infraestructura PriceSmart,Consultoría independiente,Costa Rica,San José,San José,9.9281,-84.0907,2015,2016,Tratamiento industrial,Diseño,Consultor hidráulico,Soluciones de tratamiento y manejo de aguas,Hydraulics,,Referencia territorial aproximada,yes,CV 2025,,https://www.google.com/maps/search/?api=1&query=Infraestructura%20PriceSmart%2C%20San%20Jos%C3%A9%2C%20Costa%20Rica,,Zona,Según CV,Soluciones de tratamiento y manejo de aguas,Posición inicial de referencia; no georreferenciación de infraestructura,CV 2024/2025/2026,Pendiente
T01,Proyecto,Cartera de proyectos de inversión de Sistemas Periféricos,AyA,Costa Rica,GAM / Nacional,San José / referencia nacional,9.9281,-84.0907,2017,2022,"Gestión de cartera, análisis documental, costos y cierre/capitalización",Estudio / gestión,Programación y Control / Periféricos,"Revisión, recopilación, control y capitalización de inversiones; reconstrucción de antecedentes, costos, etapas, expedientes y datos de proyectos ejecutados entre 2018 y 2021.","Ingeniería hidráulica,Planificación y análisis",,Nacional / multisitio,yes,Trayectoria 2017–2026 (archivo aportado),,https://www.google.com/maps/search/?api=1&query=San%20Jos%C3%A9%20/%20referencia%20nacional%20Varias%20provincias%20Costa%20Rica,,Regional,Alta,"Revisión, recopilación, control y capitalización de inversiones; reconstrucción de antecedentes, costos, etapas, expedientes y datos de proyectos ejecutados entre 2018 y 2021.","Cartera de todo el país, no existe punto único",turn6search438; turn6search441; turn6search449,Pendiente de coordenada de obra
T03,Proyecto,Mejoras al Acueducto de Coto Brus,AyA,Costa Rica,Puntarenas,Coto Brus,8.8855,-82.9412,2022,,"Planificación de inversiones, control de proyectos y análisis presupuestario",Intervención / seguimiento,Programación y Control / planificación,"Revisión de información técnica, programación, etapa, costos estimados y financiamiento dentro del Plan de Inversiones 2022-2026 y programa BCIE 1725.","Ingeniería hidráulica,Planificación y análisis",,Cantón aproximado,yes,Trayectoria 2017–2026 (archivo aportado),https://mapcarta.com/19593780,https://www.google.com/maps/search/?api=1&query=Coto%20Brus%20Coto%20Brus%20Costa%20Rica,,Zona,Media,"Revisión de información técnica, programación, etapa, costos estimados y financiamiento dentro del Plan de Inversiones 2022-2026 y programa BCIE 1725.",Centro cantonal; Las Tablas es una referencia extensa por confirmar,turn6search524,Pendiente de coordenada de obra
T04,Proyecto,Construcción y mejoras del Acueducto de Golfito,AyA,Costa Rica,Puntarenas,Golfito,8.643,-83.166,2022,,Planificación y seguimiento de cartera,Intervención / seguimiento,Programación y Control / planificación,"Revisión de alcance, costos, programación y estado del proyecto de sustitución de tuberías y mejoras del sistema dentro del Plan de Inversiones.","Ingeniería hidráulica,Planificación y análisis",,Ciudad aproximada,yes,Trayectoria 2017–2026 (archivo aportado),,https://www.google.com/maps/search/?api=1&query=Golfito%20Golfito%20Costa%20Rica,,Zona,Media,"Revisión de alcance, costos, programación y estado del proyecto de sustitución de tuberías y mejoras del sistema dentro del Plan de Inversiones.",Centro urbano de Golfito; no ubicación de obras,turn6search524,Pendiente de coordenada de obra
T05,Proyecto,Sistema integrado Ciudad Neily-Canoas-Laurel-La Cuesta,AyA,Costa Rica,Puntarenas,Ciudad Neily,8.649,-82.942,2022,,Planificación de inversión y análisis de proyecto,Intervención / seguimiento,Programación y Control / planificación,"Revisión de alcance, programación y cartera de inversión para captaciones, planta de tratamiento, bombeo, tanques y líneas de impulsión.","Ingeniería hidráulica,Planificación y análisis",,Localidad aproximada,yes,Trayectoria 2017–2026 (archivo aportado),,https://www.google.com/maps/search/?api=1&query=Ciudad%20Neily%20Corredores%20Costa%20Rica,,Zona,Media,"Revisión de alcance, programación y cartera de inversión para captaciones, planta de tratamiento, bombeo, tanques y líneas de impulsión.",Proyecto extenso Ciudad Neily-Canoas-Laurel-La Cuesta; referencia Ciudad Neily,turn6search524,Pendiente de coordenada de obra
T06,Proyecto,Mejoras al Acueducto Ciudad Cortés,AyA,Costa Rica,Puntarenas,Ciudad Cortés,8.959,-83.522,2022,,"Planificación, costos y seguimiento de proyecto",Intervención / seguimiento,Programación y Control / planificación,"Análisis de información de inversión para planta potabilizadora, almacenamiento, bombeo y líneas de conducción; revisión de costos y programación.","Ingeniería hidráulica,Planificación y análisis",,Localidad aproximada,yes,Trayectoria 2017–2026 (archivo aportado),,https://www.google.com/maps/search/?api=1&query=Ciudad%20Cort%C3%A9s%20Osa%20Costa%20Rica,,Zona,Media,"Análisis de información de inversión para planta potabilizadora, almacenamiento, bombeo y líneas de conducción; revisión de costos y programación.",Centro de Ciudad Cortés; obra específica por confirmar,turn6search524,Pendiente de coordenada de obra
T07,Proyecto,"Mejoras al sistema San Ramón-Palmares, etapa II",AyA,Costa Rica,Alajuela,San Ramón / Palmares,10.087,-84.47,2022,,"Análisis de inversión, programación y prefactibilidad",Intervención / seguimiento,Programación y Control / planificación,"Revisión de factibilidad/diseño, costos y programación para sustitución de redes, separación por niveles de presión y rehabilitación de tanques.","Ingeniería hidráulica,Planificación y análisis",,Multisitio / zona,yes,Trayectoria 2017–2026 (archivo aportado),,https://www.google.com/maps/search/?api=1&query=San%20Ram%C3%B3n%20/%20Palmares%20San%20Ram%C3%B3n%20y%20Palmares%20Costa%20Rica,,Zona,Media,"Revisión de factibilidad/diseño, costos y programación para sustitución de redes, separación por niveles de presión y rehabilitación de tanques.",Referencia San Ramón; comprende también Palmares,turn6search519,Pendiente de coordenada de obra
T08,Proyecto,Ampliación del Acueducto de Puerto Jiménez,AyA,Costa Rica,Puntarenas,Puerto Jiménez,8.536,-83.305,2022,2023,"Factibilidad, costos y planificación de inversión",Intervención / seguimiento,Programación y Control / Periféricos,"Revisión de cartera FOPRI y estudios de factibilidad para nuevas fuentes, almacenamiento, distribución de presiones y atención de demanda futura.","Ingeniería hidráulica,Planificación y análisis",,Localidad aproximada,yes,Trayectoria 2017–2026 (archivo aportado),,https://www.google.com/maps/search/?api=1&query=Puerto%20Jim%C3%A9nez%20Golfito%20Costa%20Rica,,Zona,Media,"Revisión de cartera FOPRI y estudios de factibilidad para nuevas fuentes, almacenamiento, distribución de presiones y atención de demanda futura.",Centro de Puerto Jiménez; abarca Bambú y Sándalo,turn6search507; turn6search519,Pendiente de coordenada de obra
T09,Proyecto,Ampliación del Acueducto de San Pablo de Turrubares,AyA,Costa Rica,San José,San Pablo de Turrubares,9.915,-84.46,2022,2023,Factibilidad y planificación de inversión,Intervención / seguimiento,Programación y Control / Periféricos,"Revisión de factibilidad, alcance, costos y programación para bombeo, tanque, cloración y ramales hacia comunidades en riesgo sanitario.","Ingeniería hidráulica,Planificación y análisis",,Localidad aproximada,yes,Trayectoria 2017–2026 (archivo aportado),,https://www.google.com/maps/search/?api=1&query=San%20Pablo%20de%20Turrubares%20Turrubares%20Costa%20Rica,,Zona,Media,"Revisión de factibilidad, alcance, costos y programación para bombeo, tanque, cloración y ramales hacia comunidades en riesgo sanitario.",Referente poblacional del sistema San Pedro-San Pablo,turn6search507; turn6search519,Pendiente de coordenada de obra
T10,Proyecto,Rehabilitación del sistema de Colorado de Abangares,AyA,Costa Rica,Guanacaste,Colorado de Abangares,10.178,-85.11,2022,2023,"Análisis de inversión, costos y seguimiento",Intervención / seguimiento,Programación y Control / Periféricos,"Revisión de información de inversión, costos y programación para incorporación del pozo 3, rehabilitación electromecánica, líneas de impulsión y planta de remoción de hierro y manganeso.","Ingeniería hidráulica,Planificación y análisis",,Localidad aproximada,yes,Trayectoria 2017–2026 (archivo aportado),,https://www.google.com/maps/search/?api=1&query=Colorado%20de%20Abangares%20Abangares%20Costa%20Rica,,Zona,Media,"Revisión de información de inversión, costos y programación para incorporación del pozo 3, rehabilitación electromecánica, líneas de impulsión y planta de remoción de hierro y manganeso.",Pueblo de Colorado; pozos y planta no posicionados individualmente,turn6search507; turn6search519,Pendiente de coordenada de obra
T11,Proyecto,SCADA para PTAR de la Región Brunca,AyA,Costa Rica,Puntarenas y San José,San Isidro de El General,9.372,-83.704,2022,,"Planificación tecnológica, costos y seguimiento de contratación",Intervención / seguimiento,Programación y Control / Periféricos,"Seguimiento de proyecto para centralizar parámetros operativos, comunicaciones, registros históricos, alertas y reportes de plantas de tratamiento.","Ingeniería hidráulica,Planificación y análisis",,Multisitio / zona,yes,Trayectoria 2017–2026 (archivo aportado),https://mapcarta.com/es/San_Isidro_de_El_General,https://www.google.com/maps/search/?api=1&query=San%20Isidro%20de%20El%20General%20Buenos%20Aires%20y%20P%C3%A9rez%20Zeled%C3%B3n%20Costa%20Rica,,Zona,Media,"Seguimiento de proyecto para centralizar parámetros operativos, comunicaciones, registros históricos, alertas y reportes de plantas de tratamiento.","Tres PTAR de la Región Brunca; símbolo orientativo en San Isidro, no las plantas",turn6search525,Pendiente de coordenada de obra
T12,Proyecto,Estación de bombeo de aguas residuales río San Isidro,AyA,Costa Rica,San José,San Isidro de El General,9.372,-83.704,2022,,Planificación y seguimiento de inversión,Intervención / seguimiento,Programación y Control / Periféricos,"Revisión de programación y costos para estación de bombeo, corrección de colector y trasiego seguro sobre el río San Isidro.","Ingeniería hidráulica,Planificación y análisis",,Localidad aproximada,yes,Trayectoria 2017–2026 (archivo aportado),https://mapcarta.com/es/San_Isidro_de_El_General,https://www.google.com/maps/search/?api=1&query=San%20Isidro%20de%20El%20General%20P%C3%A9rez%20Zeled%C3%B3n%20Costa%20Rica,,Zona,Media,"Revisión de programación y costos para estación de bombeo, corrección de colector y trasiego seguro sobre el río San Isidro.",No representa la estación de bombeo en la ribera del río,turn6search525,Pendiente de coordenada de obra
T13,Proyecto,Plantel y mejoras PTAR San Isidro,AyA,Costa Rica,San José,San Isidro de El General,9.372,-83.704,2022,,Planificación y control de inversión,Intervención / seguimiento,Programación y Control / Periféricos,"Revisión de cartera y programación para infraestructura de plantel, resguardo de equipo y mejoras de accesos.","Ingeniería hidráulica,Planificación y análisis",,Localidad aproximada,yes,Trayectoria 2017–2026 (archivo aportado),https://mapcarta.com/es/San_Isidro_de_El_General,https://www.google.com/maps/search/?api=1&query=San%20Isidro%20de%20El%20General%20P%C3%A9rez%20Zeled%C3%B3n%20Costa%20Rica,,Zona,Media,"Revisión de cartera y programación para infraestructura de plantel, resguardo de equipo y mejoras de accesos.","Centro urbano, no ubicación precisa de la PTAR",turn6search525,Pendiente de coordenada de obra
T14,Proyecto,Prefactibilidades y formulación de infraestructura hidráulica,AyA,Costa Rica,GAM / Nacional,San José / Periféricos,9.9281,-84.0907,2022,2023,"Prefactibilidad, formulación, supervisión y analítica",Estudio / gestión,Producción y Distribución / Periféricos,"Preparación de estudios de prefactibilidad, apoyo a supervisión técnica de pozos y conducciones, formulación de proyectos y desarrollo de modelos de datos y tableros para planificación.","Ingeniería hidráulica,Planificación y análisis",,Nacional / multisitio,yes,Trayectoria 2017–2026 (archivo aportado),,https://www.google.com/maps/search/?api=1&query=San%20Jos%C3%A9%20/%20Perif%C3%A9ricos%20Varios%20Costa%20Rica,,Regional,Alta,"Preparación de estudios de prefactibilidad, apoyo a supervisión técnica de pozos y conducciones, formulación de proyectos y desarrollo de modelos de datos y tableros para planificación.",Estudios sobre sistemas regionales del país; punto de referencia administrativo,turn2search442; turn6search563,Pendiente de coordenada de obra
T15,Proyecto,Estudio de Factibilidad PAAM V Etapa,AyA,Costa Rica,Cartago y San José,Río Macho / El Llano,9.7654,-83.8594,2023,,"Factibilidad técnica, análisis financiero, institucional y de riesgo",Estudio / gestión,Periféricos / PAAM,"Integración de comisión técnica, revisión del estudio de factibilidad, atención de observaciones MIDEPLAN, homogeneización técnica, marco institucional, población objetivo, costos, cronograma y aspectos de ejecución/operación.","Ingeniería hidráulica,Planificación y análisis",,Zona aproximada,yes,Trayectoria 2017–2026 (archivo aportado),https://mapcarta.com/W102253746,https://www.google.com/maps/search/?api=1&query=R%C3%ADo%20Macho%20/%20El%20Llano%20Para%C3%ADso%2C%20El%20Guarco%2C%20Desamparados%2C%20Curridabat%20y%20%C3%A1rea%20metropolitana%20Costa%20Rica,,Zona,Alta,"Integración de comisión técnica, revisión del estudio de factibilidad, atención de observaciones MIDEPLAN, homogeneización técnica, marco institucional, población objetivo, costos, cronograma y aspectos de ejecución/operación.",Embalse y ámbito de Río Macho; el PAAM abarca múltiples puntos,turn2search436; turn6search428; turn6search432; turn6search439; turn6search451,Pendiente de coordenada de obra
T16,Proyecto,Ficha técnica y respuesta institucional PAAM,AyA,Costa Rica,Cartago y San José,Río Macho / El Llano,9.7654,-83.8594,2023,,"Síntesis técnica, seguimiento y respuesta institucional",Estudio / gestión,Periféricos / PAAM,"Preparación y revisión de fichas descriptivas, estado del proyecto, costos, financiamiento, adquisición de terrenos, cronograma y respuesta para recurso de amparo.","Ingeniería hidráulica,Planificación y análisis",,Zona aproximada,yes,Trayectoria 2017–2026 (archivo aportado),https://mapcarta.com/W102253746,https://www.google.com/maps/search/?api=1&query=R%C3%ADo%20Macho%20/%20El%20Llano%20Desamparados%20y%20%C3%A1rea%20metropolitana%20Costa%20Rica,,Zona,Alta,"Preparación y revisión de fichas descriptivas, estado del proyecto, costos, financiamiento, adquisición de terrenos, cronograma y respuesta para recurso de amparo.","Estudio metropolitano multisitio, no una sola obra",turn6search429; turn6search431,Pendiente de coordenada de obra
T17,Proyecto,Pozo San Blas e interconexión Los Sitios-Guadalupe,AyA,Costa Rica,San José,San Blas / Moravia,9.982,-84.036,2024,,Seguimiento técnico de ejecución y reporte de proyectos,Intervención / seguimiento,Optimización de Sistemas GAM,"Revisión y validación de estado de ejecución, alcance electromecánico, casetas, cloración, extensión eléctrica e interconexiones para mejorar abastecimiento.","Ingeniería hidráulica,Planificación y análisis",,Localidad aproximada,yes,Trayectoria 2017–2026 (archivo aportado),,https://www.google.com/maps/search/?api=1&query=San%20Blas%20/%20Moravia%20Moravia%2C%20Tib%C3%A1s%20y%20Goicoechea%20Costa%20Rica,,Zona,Alta,"Revisión y validación de estado de ejecución, alcance electromecánico, casetas, cloración, extensión eléctrica e interconexiones para mejorar abastecimiento.",Referencia de San Blas; pozo no georreferenciado,turn6search450,Pendiente de coordenada de obra
T18,Proyecto,Captación e impulsión Río Agra-San Jerónimo,AyA,Costa Rica,San José,San Jerónimo de Moravia,10.012,-83.973,2024,,Seguimiento técnico y reporte ejecutivo,Intervención / seguimiento,Optimización de Sistemas GAM,"Seguimiento de electrificación de estación de bombeo, operación temporal con generador y estado del proyecto para aumentar el abastecimiento.","Ingeniería hidráulica,Planificación y análisis",,Localidad aproximada,yes,Trayectoria 2017–2026 (archivo aportado),,https://www.google.com/maps/search/?api=1&query=San%20Jer%C3%B3nimo%20de%20Moravia%20V%C3%A1squez%20de%20Coronado%20y%20Moravia%20Costa%20Rica,,Zona,Alta,"Seguimiento de electrificación de estación de bombeo, operación temporal con generador y estado del proyecto para aumentar el abastecimiento.",Referente de San Jerónimo; captación Río Agra no georreferenciada,turn6search450,Pendiente de coordenada de obra
T19,Proyecto,Incorporación del pozo Guadalupe,AyA,Costa Rica,San José,Guadalupe / Goicoechea,9.948,-84.05,2024,,"Prefactibilidad, seguimiento y programación",Intervención / seguimiento,Optimización de Sistemas GAM,"Seguimiento del pozo perforado, limpieza, armado, prueba de bombeo y búsqueda de recursos para su incorporación al sistema.","Ingeniería hidráulica,Planificación y análisis",,Localidad aproximada,yes,Trayectoria 2017–2026 (archivo aportado),,https://www.google.com/maps/search/?api=1&query=Guadalupe%20/%20Goicoechea%20Goicoechea%20Costa%20Rica,,Zona,Alta,"Seguimiento del pozo perforado, limpieza, armado, prueba de bombeo y búsqueda de recursos para su incorporación al sistema.",Ubicación urbana de Guadalupe; no coordenada del pozo,turn6search450,Pendiente de coordenada de obra
T21,Proyecto,Servicios de ingeniería para catastro y sectorización,AyA,Costa Rica,GAM / Nacional,GAM,9.9281,-84.0907,2024,2025,"Criterio técnico, diseño de intervención y coordinación de servicios de ingenier",Intervención / seguimiento,Optimización de Sistemas GAM / RANC,"Definición de requerimientos prácticos para georradar, calicatas, válvulas, accesorios, comunicación de caudalímetros, coordinación con CCO, inspección, modelación y análisis de mediciones.","Ingeniería hidráulica,Planificación y análisis",,Regional / multisitio,yes,Trayectoria 2017–2026 (archivo aportado),,https://www.google.com/maps/search/?api=1&query=GAM%20Varios%20Costa%20Rica,,Regional,Alta,"Definición de requerimientos prácticos para georradar, calicatas, válvulas, accesorios, comunicación de caudalímetros, coordinación con CCO, inspección, modelación y análisis de mediciones.",Catastro y sectorización en numerosos sistemas; referencia San José,turn6search448,Pendiente de coordenada de obra
T24,Proyecto,Análisis de demanda y escenarios GAM 2024,AyA,Costa Rica,GAM / Nacional,GAM,9.9281,-84.0907,2025,,"Análisis de demanda, riesgos y planificación",Estudio / gestión,Mejoramiento de Sistemas GAM,"Dirección y elaboración de análisis de demanda, eventos críticos y planes de seguridad del agua para sustentar escenarios y planificación.","Ingeniería hidráulica,Planificación y análisis",,Regional / multisitio,yes,Trayectoria 2017–2026 (archivo aportado),,https://www.google.com/maps/search/?api=1&query=GAM%20Varios%20cantones%20Costa%20Rica,,Regional,Alta,"Dirección y elaboración de análisis de demanda, eventos críticos y planes de seguridad del agua para sustentar escenarios y planificación.","Estudio integral, sin un único emplazamiento",turn6search564,Pendiente de coordenada de obra
T25,Proyecto,Criterio técnico mediante georradar para conexión de servicio,AyA,Costa Rica,San José,San José (sin sitio publicado),9.9281,-84.0907,2025,,"Inspección técnica, georradar y factibilidad de conexión",Estudio / gestión,Mejoramiento de Sistemas GAM,"Dirección del estudio, uso de georradar, análisis de tubería, acceso vial, servidumbre y posibilidad de futuro ramal.","Ingeniería hidráulica,Planificación y análisis",,Sin ubicación precisa,yes,Trayectoria 2017–2026 (archivo aportado),,https://www.google.com/maps/search/?api=1&query=San%20Jos%C3%A9%20%28sin%20sitio%20publicado%29%20No%20especificado%20en%20la%20fuente%20Costa%20Rica,,Regional,Media,"Dirección del estudio, uso de georradar, análisis de tubería, acceso vial, servidumbre y posibilidad de futuro ramal.",Localización no indicada por la fuente; punto administrativo no corresponde a la propiedad,turn6search559,Pendiente de coordenada de obra
T26,Proyecto,Trabajo aplicado: optimización del sistema de Cahuita,AyA,Costa Rica,Limón,Cahuita,9.735,-82.845,2025,2026,"Estudio técnico, modelación, costos y optimización",Intervención / seguimiento,Mejoramiento de Sistemas GAM,"Diagnóstico hidráulico, modelación en período extendido, sectorización, instrumentación, estimación de ANC, comparación IWA/EasyCalc/AWWA, costos de instrumentación y recomendaciones operativas.","Ingeniería hidráulica,Planificación y análisis",,Localidad aproximada,yes,Trayectoria 2017–2026 (archivo aportado),,https://www.google.com/maps/search/?api=1&query=Cahuita%20Talamanca%20Costa%20Rica,,Zona,Alta,"Diagnóstico hidráulico, modelación en período extendido, sectorización, instrumentación, estimación de ANC, comparación IWA/EasyCalc/AWWA, costos de instrumentación y recomendaciones operativas.",Centro de Cahuita; sistema de distribución extenso,turn2search427; turn6search554,Pendiente de coordenada de obra
T27,Proyecto,Actualización integral de capacidad hídrica GAM,AyA,Costa Rica,"San José, Heredia, Cartago y Alajuela",GAM,9.9281,-84.0907,2026,,"Balance hídrico, análisis de datos y planificación",Intervención / seguimiento,Mejoramiento de Sistemas GAM,"Liderazgo en balances oferta-demanda con datos SCADA, aforos, plantas, bombeo, trasvases, facturación, compromisos de caudal y proyectos; elaboración de informe y oficio para Planificación.","Ingeniería hidráulica,Planificación y análisis",,Regional / multisitio,yes,Trayectoria 2017–2026 (archivo aportado),,https://www.google.com/maps/search/?api=1&query=GAM%20Varios%20cantones%20Costa%20Rica,,Regional,Alta,"Liderazgo en balances oferta-demanda con datos SCADA, aforos, plantas, bombeo, trasvases, facturación, compromisos de caudal y proyectos; elaboración de informe y oficio para Planificación.",Evaluación de numerosos sistemas; no representa una sola obra,turn1search302; turn6search455,Pendiente de coordenada de obra
T28,Proyecto,Diagnóstico del balance Puente Mulas,AyA,Costa Rica,Heredia y San José,Belén / Puente Mulas,9.979,-84.177,2026,,Diagnóstico hidráulico y formulación de alternativas,Intervención / seguimiento,Mejoramiento de Sistemas GAM,"Comparación de fuentes y bombeo, identificación de reducción de producción, análisis de trasvases, déficit, ANC y medidas de recuperación.","Ingeniería hidráulica,Planificación y análisis",,Zona aproximada,yes,Trayectoria 2017–2026 (archivo aportado),,https://www.google.com/maps/search/?api=1&query=Bel%C3%A9n%20/%20Puente%20Mulas%20Bel%C3%A9n%20y%20sectores%20vinculados%20Costa%20Rica,,Zona,Alta,"Comparación de fuentes y bombeo, identificación de reducción de producción, análisis de trasvases, déficit, ANC y medidas de recuperación.",Punto representativo del ámbito Puente Mulas,turn1search302; turn6search455,Pendiente de coordenada de obra
T29,Proyecto,Alternativas de mejora para Puriscal 2026-2030,AyA,Costa Rica,San José,Santiago de Puriscal,9.847,-84.315,2026,,"Diagnóstico, factibilidad y estrategia de inversión",Intervención / seguimiento,Mejoramiento de Sistemas GAM,"Dirección de informes, giras y formulación de alternativas sobre fuentes, medición, válvulas, conducciones, almacenamiento, bombeo, sostenibilidad hídrica, terrenos, servidumbres y factibilidad.","Ingeniería hidráulica,Planificación y análisis",,Localidad aproximada,yes,Trayectoria 2017–2026 (archivo aportado),,https://www.google.com/maps/search/?api=1&query=Santiago%20de%20Puriscal%20Puriscal%20Costa%20Rica,,Zona,Alta,"Dirección de informes, giras y formulación de alternativas sobre fuentes, medición, válvulas, conducciones, almacenamiento, bombeo, sostenibilidad hídrica, terrenos, servidumbres y factibilidad.",Centro cantonal; varias alternativas fuera del casco urbano,turn2search425; turn6search568; turn6search570,Pendiente de coordenada de obra
T30,Proyecto,Estudio Calle La Máquina,AyA,Costa Rica,San José,Grifo Alto / Puriscal,9.806,-84.344,2026,,"Inspección, factibilidad y coordinación interinstitucional",Estudio / gestión,Mejoramiento de Sistemas GAM,"Visita técnica, mapas, evaluación de alternativas, revisión de estudio hidráulico 2020, disponibilidad/calidad del pozo, integración al sistema y recomendaciones de formulación y factibilidad.","Ingeniería hidráulica,Planificación y análisis",,Localidad aproximada,yes,Trayectoria 2017–2026 (archivo aportado),,https://www.google.com/maps/search/?api=1&query=Grifo%20Alto%20/%20Puriscal%20Puriscal%20Costa%20Rica,,Zona,Alta,"Visita técnica, mapas, evaluación de alternativas, revisión de estudio hidráulico 2020, disponibilidad/calidad del pozo, integración al sistema y recomendaciones de formulación y factibilidad.",Referencia de la zona de Grifo Alto; Calle La Máquina por verificar,turn2search354; turn2search416; turn6search562,Pendiente de coordenada de obra
T31,Proyecto,Cierre del proyecto BPIP-2926 de macromedición,AyA,Costa Rica,GAM / Nacional,GAM,9.9281,-84.0907,2026,,"Cierre de proyecto, evaluación y capitalización",Intervención / seguimiento,Mejoramiento de Sistemas GAM,"Autor del cierre técnico y administrativo; revisión de resultados, activos, medición, registro, sistematización, costos, lecciones aprendidas y liquidación técnica.","Ingeniería hidráulica,Planificación y análisis",,Regional / multisitio,yes,Trayectoria 2017–2026 (archivo aportado),,https://www.google.com/maps/search/?api=1&query=GAM%20Varios%20cantones%20Costa%20Rica,,Regional,Alta,"Autor del cierre técnico y administrativo; revisión de resultados, activos, medición, registro, sistematización, costos, lecciones aprendidas y liquidación técnica.",Proyecto con múltiples caudalímetros; coordenada simbólica,turn6search574; turn6search455,Pendiente de coordenada de obra
T32,Proyecto,Instalación de caudalímetros estratégicos,AyA,Costa Rica,"San José, Cartago y Alajuela",Guadalupe / Goicoechea,9.958,-84.051,2026,,"Instrumentación, telemetría y puesta en marcha",Intervención / seguimiento,Mejoramiento de Sistemas GAM,"Coordinación técnica para sustitución e instalación de caudalímetros, rangos de medición, integración eléctrica, comunicaciones, SCADA y control de producción.","Ingeniería hidráulica,Planificación y análisis",,Multisitio / zona,yes,Trayectoria 2017–2026 (archivo aportado),,https://www.google.com/maps/search/?api=1&query=Guadalupe%20/%20Goicoechea%20Goicoechea%2C%20La%20Uni%C3%B3n/Cartago%20y%20Alajuela%20Costa%20Rica,,Zona,Alta,"Coordinación técnica para sustitución e instalación de caudalímetros, rangos de medición, integración eléctrica, comunicaciones, SCADA y control de producción.","Incluye múltiples instalaciones en Guanacaste, Cartago y Alajuela; símbolo orientativo Guadalupe",turn6search455,Pendiente de coordenada de obra
T33,Proyecto,Medición Fuente Zamora línea PEAD,AyA,Costa Rica,Heredia,Belén / Fuente Zamora,9.979,-84.177,2026,,"Macromedición, diagnóstico y telemetría",Intervención / seguimiento,Mejoramiento de Sistemas GAM,"Instalación y puesta en marcha de punto de medición para cuantificar producción, apoyar diagnósticos, sectorización e integración SCADA.","Ingeniería hidráulica,Planificación y análisis",,Zona aproximada,yes,Trayectoria 2017–2026 (archivo aportado),,https://www.google.com/maps/search/?api=1&query=Bel%C3%A9n%20/%20Fuente%20Zamora%20Bel%C3%A9n%20Costa%20Rica,,Zona,Alta,"Instalación y puesta en marcha de punto de medición para cuantificar producción, apoyar diagnósticos, sectorización e integración SCADA.",Referencia municipal de la línea PEAD / fuente Zamora,turn6search455,Pendiente de coordenada de obra
T34,Proyecto,Sectorización y gestión avanzada de presiones,AyA,Costa Rica,GAM / Nacional,GAM,9.9281,-84.0907,2026,,"Modelación, sectorización y gestión de presiones",Intervención / seguimiento,Mejoramiento de Sistemas GAM,"Coordinación de modelos hidráulicos, campañas de campo, regulación, monitoreo, válvulas y seguimiento de desempeño.","Ingeniería hidráulica,Planificación y análisis",,Regional / multisitio,yes,Trayectoria 2017–2026 (archivo aportado),,https://www.google.com/maps/search/?api=1&query=GAM%20Varios%20cantones%20Costa%20Rica,,Regional,Alta,"Coordinación de modelos hidráulicos, campañas de campo, regulación, monitoreo, válvulas y seguimiento de desempeño.",57 distritos hidrométricos repartidos por la GAM,turn6search455,Pendiente de coordenada de obra
T35,Proyecto,Recuperación de caudal por fugas no visibles en Pavas,AyA,Costa Rica,San José,Pavas,9.947,-84.141,2026,,"Detección de fugas, modelación y monitoreo",Intervención / seguimiento,Mejoramiento de Sistemas GAM,"Combinación de modelación, mediciones de campo y monitoreo para orientar detección y reparación de fugas no visibles.","Ingeniería hidráulica,Planificación y análisis",,Localidad aproximada,yes,Trayectoria 2017–2026 (archivo aportado),,https://www.google.com/maps/search/?api=1&query=Pavas%20San%20Jos%C3%A9%20Costa%20Rica,,Zona,Alta,"Combinación de modelación, mediciones de campo y monitoreo para orientar detección y reparación de fugas no visibles.",Sector Pavas; sin punto de fuga individual,turn6search455,Pendiente de coordenada de obra
T36,Proyecto,Plan de contingencia de Alajuelita,AyA,Costa Rica,San José,Alajuelita,9.902,-84.101,2026,,Planificación de contingencia y análisis hidráulico,Estudio / gestión,Mejoramiento de Sistemas GAM,"Preparación de plan con sectores vulnerables, servicios esenciales, almacenamiento, sectorización, presiones, refuerzos y caudales futuros.","Ingeniería hidráulica,Planificación y análisis",,Multisitio / zona,yes,Trayectoria 2017–2026 (archivo aportado),,https://www.google.com/maps/search/?api=1&query=Alajuelita%20Alajuelita%20y%20cantones%20vinculados%20Costa%20Rica,,Zona,Alta,"Preparación de plan con sectores vulnerables, servicios esenciales, almacenamiento, sectorización, presiones, refuerzos y caudales futuros.",Plan de contingencia entre distintos sistemas metropolitanos,turn2search352; turn6search455,Pendiente de coordenada de obra
T37,Proyecto,Sistema Pizote y Calle El Cerrito,AyA,Costa Rica,Cartago,La Unión / San Ramón,9.905,-83.964,2026,,"Medición de presión, diagnóstico y plan de intervención",Intervención / seguimiento,Mejoramiento de Sistemas GAM,"Coordinación de instalación de registrador, análisis de continuidad y presiones, diagnóstico estructural, acciones correctivas y plan de cumplimiento de resolución judicial.","Ingeniería hidráulica,Planificación y análisis",,Localidad aproximada,yes,Trayectoria 2017–2026 (archivo aportado),,https://www.google.com/maps/search/?api=1&query=La%20Uni%C3%B3n%20/%20San%20Ram%C3%B3n%20La%20Uni%C3%B3n%20Costa%20Rica,,Zona,Alta,"Coordinación de instalación de registrador, análisis de continuidad y presiones, diagnóstico estructural, acciones correctivas y plan de cumplimiento de resolución judicial.","Ubicación de referencia para Calle El Cerrito, pendiente identificación puntual",turn2search381; turn2search398,Pendiente de coordenada de obra
T38,Proyecto,Banco de necesidades y proyectos GAM,AyA,Costa Rica,GAM / Nacional,GAM,9.9281,-84.0907,2026,,"Preformulación, priorización y gestión de portafolio",Estudio / gestión,Mejoramiento de Sistemas GAM,"Consolidación, clasificación, agrupamiento por clúster y componentes, depuración de duplicados y preparación de fichas para Planificación y futuros BPIP.","Ingeniería hidráulica,Planificación y análisis",,Regional / multisitio,yes,Trayectoria 2017–2026 (archivo aportado),,https://www.google.com/maps/search/?api=1&query=GAM%20Varios%20cantones%20Costa%20Rica,,Regional,Alta,"Consolidación, clasificación, agrupamiento por clúster y componentes, depuración de duplicados y preparación de fichas para Planificación y futuros BPIP.","Banco institucional de iniciativas, no una infraestructura física",turn2search348; turn6search531; turn6search533,Pendiente de coordenada de obra
T39,Proyecto,Estudio técnico y análisis de ofertas,AyA,Costa Rica,GAM / Nacional,San José / institucional,9.9281,-84.0907,2026,,Análisis técnico-económico y contratación pública,Estudio / gestión,Mejoramiento de Sistemas GAM,"Elaboración de estudio técnico, revisión de admisibilidad, comparación de precios, razonabilidad y recomendación de adjudicación.","Ingeniería hidráulica,Planificación y análisis",,Institucional / sin sitio,yes,Trayectoria 2017–2026 (archivo aportado),,https://www.google.com/maps/search/?api=1&query=San%20Jos%C3%A9%20/%20institucional%20No%20aplica%20Costa%20Rica,,Regional,Alta,"Elaboración de estudio técnico, revisión de admisibilidad, comparación de precios, razonabilidad y recomendación de adjudicación.","Actividad de contratación; símbolo administrativo, no una obra",turn2search433; turn2search434; turn2search448,Pendiente de coordenada de obra
T40,Proyecto,Licitación de caudalímetros por demanda,AyA,Costa Rica,GAM / Nacional,San José / alcance nacional,9.9281,-84.0907,2026,,"Contratación, instrumentación y costos",Estudio / gestión,Mejoramiento de Sistemas GAM,"Desarrollo de especificaciones técnicas, evaluación de tecnologías, estudio de mercado, evaluación de ofertas y gestión de contratación.","Ingeniería hidráulica,Planificación y análisis",,Nacional / multisitio,yes,Trayectoria 2017–2026 (archivo aportado),,https://www.google.com/maps/search/?api=1&query=San%20Jos%C3%A9%20/%20alcance%20nacional%20Varios%20Costa%20Rica,,Regional,Alta,"Desarrollo de especificaciones técnicas, evaluación de tecnologías, estudio de mercado, evaluación de ofertas y gestión de contratación.","Licitación institucional con alcance nacional, no localización de obra",turn2search352; turn6search455,Pendiente de coordenada de obra
T41,Proyecto,Plan Maestro y contingencia del Acueducto Metropolitano,AyA,Costa Rica,GAM / Nacional,GAM,9.9281,-84.0907,2026,,Planificación estratégica y análisis de cartera,Estudio / gestión,Mejoramiento de Sistemas GAM,"Análisis histórico y estratégico de fuentes, almacenamiento, conducciones, retrasos de proyectos y necesidad de hoja de ruta y contingencia para el abastecimiento metropolitano.","Ingeniería hidráulica,Planificación y análisis",,Regional / multisitio,yes,Trayectoria 2017–2026 (archivo aportado),,https://www.google.com/maps/search/?api=1&query=GAM%20Varios%20cantones%20Costa%20Rica,,Regional,Alta,"Análisis histórico y estratégico de fuentes, almacenamiento, conducciones, retrasos de proyectos y necesidad de hoja de ruta y contingencia para el abastecimiento metropolitano.",Plan de alcance metropolitano; sin sitio único,turn6search494,Pendiente de coordenada de obra
T42,Proyecto,Comisión GIS y modernización geoespacial,AyA,Costa Rica,GAM / Nacional,GAM / institucional,9.9281,-84.0907,2026,,"GIS, arquitectura de datos y transformación digital",Estudio / gestión,Mejoramiento de Sistemas GAM,"Apoyo técnico en aplicaciones, georradar, CORS, transición ESRI-Giswater, formularios, integración de datos, bases SQL/PostgreSQL y alternativas de código abierto.","Ingeniería hidráulica,Gestión de proyectos,GIS",,Institucional / multisitio,yes,Trayectoria 2017–2026 (archivo aportado),,https://www.google.com/maps/search/?api=1&query=GAM%20/%20institucional%20Varios%20Costa%20Rica,,Regional,Alta,"Apoyo técnico en aplicaciones, georradar, CORS, transición ESRI-Giswater, formularios, integración de datos, bases SQL/PostgreSQL y alternativas de código abierto.",Actividad GIS institucional sin instalación física única,turn6search444; turn6search532,Pendiente de coordenada de obra
